{"val_loss": 1.557119607925415, "val_acc": 0.9225999712944031}